Dataset,Technique,Application,Test_Data,Task_ID,Model,ChatGPT_Reponse_Time,Execution_Time,Accuracy,Precision,Recall,F1_Score,Exact_Match
HumanEval,Few Shot,Function,Test Data 1,153,Model 1,10.19,0.05068,1,1,1,1,1
HumanEval,Few Shot,Function,Test Data 2,153,Model 1,10.19,0.05749,1,1,1,1,1
HumanEval,Few Shot,Function,Test Data 3,153,Model 1,10.19,0.07499,1,1,1,1,1
HumanEval,Few Shot,Function,Test Data 1,153,Model 2,9.79,0.04266,1,1,1,1,1
HumanEval,Few Shot,Function,Test Data 2,153,Model 2,9.79,0.06612,1,1,1,1,1
HumanEval,Few Shot,Function,Test Data 3,153,Model 2,9.79,0.085,1,1,1,1,1
HumanEval,Few Shot,Function,Test Data 1,153,Model 3,9.33,0.05157,1,1,1,1,1
HumanEval,Few Shot,Function,Test Data 2,153,Model 3,9.33,0.07193,1,1,1,1,1
HumanEval,Few Shot,Function,Test Data 3,153,Model 3,9.33,0.0894,1,1,1,1,1
HumanEval,Few Shot,Function,Test Data 1,102,Model 1,10.14,0.00681,1,1,1,1,1
HumanEval,Few Shot,Function,Test Data 2,102,Model 1,10.14,0.0023,1,1,1,1,1
HumanEval,Few Shot,Function,Test Data 3,102,Model 1,10.14,11.41488,1,1,1,1,1
HumanEval,Few Shot,Function,Test Data 1,102,Model 2,10.91,0.01134,1,1,1,1,1
HumanEval,Few Shot,Function,Test Data 2,102,Model 2,10.91,0.00342,1,1,1,1,1
HumanEval,Few Shot,Function,Test Data 3,102,Model 2,10.91,6.42835,1,1,1,1,1
HumanEval,Few Shot,Function,Test Data 1,102,Model 3,10.41,0.00188,1,1,1,1,1
HumanEval,Few Shot,Function,Test Data 2,102,Model 3,10.41,0.00205,1,1,1,1,1
HumanEval,Few Shot,Function,Test Data 3,102,Model 3,10.41,0.00228,1,1,1,1,1
HumanEval,Few Shot,Function,Test Data 1,95,Model 1,7.94,0.00962,1,1,1,1,1
HumanEval,Few Shot,Function,Test Data 2,95,Model 1,7.94,0.00854,1,1,1,1,1
HumanEval,Few Shot,Function,Test Data 3,95,Model 1,7.94,0.00441,1,1,1,1,1
HumanEval,Few Shot,Function,Test Data 1,95,Model 2,8.55,0.00978,1,1,1,1,1
HumanEval,Few Shot,Function,Test Data 2,95,Model 2,8.55,0.01444,1,1,1,1,1
HumanEval,Few Shot,Function,Test Data 3,95,Model 2,8.55,0.01047,1,1,1,1,1
HumanEval,Few Shot,Function,Test Data 1,95,Model 3,7.35,0.00406,1,1,1,1,1
HumanEval,Few Shot,Function,Test Data 2,95,Model 3,7.35,0.00554,1,1,1,1,1
HumanEval,Few Shot,Function,Test Data 3,95,Model 3,7.35,0.00314,1,1,1,1,1
HumanEval,Few Shot,Function,Test Data 1,107,Model 1,5.82,0.47509,1,1,1,1,1
HumanEval,Few Shot,Function,Test Data 2,107,Model 1,5.82,0.05464,1,1,1,1,1
HumanEval,Few Shot,Function,Test Data 3,107,Model 1,5.82,0.01665,1,1,1,1,1
HumanEval,Few Shot,Function,Test Data 1,107,Model 2,8.99,0.81081,1,1,1,1,1
HumanEval,Few Shot,Function,Test Data 2,107,Model 2,8.99,0.13654,1,1,1,1,1
HumanEval,Few Shot,Function,Test Data 3,107,Model 2,8.99,0.04644,1,1,1,1,1
HumanEval,Few Shot,Function,Test Data 1,107,Model 3,11.24,0.69014,0.5,0.5,0.5,0.5,0
HumanEval,Few Shot,Function,Test Data 2,107,Model 3,11.24,0.02377,1,1,1,1,1
HumanEval,Few Shot,Function,Test Data 3,107,Model 3,11.24,0.00679,0.5,0.5,0.5,0.5,0
HumanEval,Few Shot,Function,Test Data 1,67,Model 1,5.82,0.01171,1,1,1,1,1
HumanEval,Few Shot,Function,Test Data 2,67,Model 1,5.82,0.01414,1,1,1,1,1
HumanEval,Few Shot,Function,Test Data 3,67,Model 1,5.82,0.01224,1,1,1,1,1
HumanEval,Few Shot,Function,Test Data 1,67,Model 2,6.37,0.01452,1,1,1,1,1
HumanEval,Few Shot,Function,Test Data 2,67,Model 2,6.37,0.01352,1,1,1,1,1
HumanEval,Few Shot,Function,Test Data 3,67,Model 2,6.37,0.01267,1,1,1,1,1
HumanEval,Few Shot,Function,Test Data 1,67,Model 3,5.62,0.01806,1,1,1,1,1
HumanEval,Few Shot,Function,Test Data 2,67,Model 3,5.62,0.01458,1,1,1,1,1
HumanEval,Few Shot,Function,Test Data 3,67,Model 3,5.62,0.01452,1,1,1,1,1
HumanEval,Few Shot,Function,Test Data 1,20,Model 1,7.4,0.01706,1,1,1,1,1
HumanEval,Few Shot,Function,Test Data 2,20,Model 1,7.4,0.01127,1,1,1,1,1
HumanEval,Few Shot,Function,Test Data 3,20,Model 1,7.4,0.01417,1,1,1,1,1
HumanEval,Few Shot,Function,Test Data 1,20,Model 2,8,0.0366,1,1,1,1,1
HumanEval,Few Shot,Function,Test Data 2,20,Model 2,8,0.02487,0,0,0,0,0
HumanEval,Few Shot,Function,Test Data 3,20,Model 2,8,0.02526,1,1,1,1,1
HumanEval,Few Shot,Function,Test Data 1,20,Model 3,9.82,0.03992,1,1,1,1,1
HumanEval,Few Shot,Function,Test Data 2,20,Model 3,9.82,0.02647,0,0,0,0,0
HumanEval,Few Shot,Function,Test Data 3,20,Model 3,9.82,0.02675,1,1,1,1,1
HumanEval,Few Shot,Snippet,Test Data 1,153,Model 1,9.39,0,1,1,1,1,1
HumanEval,Few Shot,Snippet,Test Data 2,153,Model 1,9.39,0,1,1,1,1,1
HumanEval,Few Shot,Snippet,Test Data 3,153,Model 1,9.39,0,1,1,1,1,1
HumanEval,Few Shot,Snippet,Test Data 1,153,Model 2,9.64,0,1,1,1,1,1
HumanEval,Few Shot,Snippet,Test Data 2,153,Model 2,9.64,0,1,1,1,1,1
HumanEval,Few Shot,Snippet,Test Data 3,153,Model 2,9.64,0,1,1,1,1,1
HumanEval,Few Shot,Snippet,Test Data 1,153,Model 3,9.27,0,1,1,1,1,1
HumanEval,Few Shot,Snippet,Test Data 2,153,Model 3,9.27,0,1,1,1,1,1
HumanEval,Few Shot,Snippet,Test Data 3,153,Model 3,9.27,0,1,1,1,1,1
HumanEval,Few Shot,Snippet,Test Data 1,102,Model 1,7.03,0,1,1,1,1,1
HumanEval,Few Shot,Snippet,Test Data 2,102,Model 1,7.03,0,0,0,0,0,0
HumanEval,Few Shot,Snippet,Test Data 3,102,Model 1,7.03,0,1,1,1,1,1
HumanEval,Few Shot,Snippet,Test Data 1,102,Model 2,8.63,0,1,1,1,1,1
HumanEval,Few Shot,Snippet,Test Data 2,102,Model 2,8.63,0,0,0,0,0,0
HumanEval,Few Shot,Snippet,Test Data 3,102,Model 2,8.63,0.00199,1,1,1,1,1
HumanEval,Few Shot,Snippet,Test Data 1,102,Model 3,10.41,0,1,1,1,1,1
HumanEval,Few Shot,Snippet,Test Data 2,102,Model 3,10.41,0,0,0,0,0,0
HumanEval,Few Shot,Snippet,Test Data 3,102,Model 3,10.41,0.002,1,1,1,1,1
HumanEval,Few Shot,Snippet,Test Data 1,95,Model 1,8.69,0,1,1,1,1,1
HumanEval,Few Shot,Snippet,Test Data 2,95,Model 1,8.69,0,1,1,1,1,1
HumanEval,Few Shot,Snippet,Test Data 3,95,Model 1,8.69,0,1,1,1,1,1
HumanEval,Few Shot,Snippet,Test Data 1,95,Model 2,9.85,0,1,1,1,1,1
HumanEval,Few Shot,Snippet,Test Data 2,95,Model 2,9.85,0,1,1,1,1,1
HumanEval,Few Shot,Snippet,Test Data 3,95,Model 2,9.85,0,1,1,1,1,1
HumanEval,Few Shot,Snippet,Test Data 1,95,Model 3,8.38,0,1,1,1,1,1
HumanEval,Few Shot,Snippet,Test Data 2,95,Model 3,8.38,0,1,1,1,1,1
HumanEval,Few Shot,Snippet,Test Data 3,95,Model 3,8.38,0,1,1,1,1,1
HumanEval,Few Shot,Snippet,Test Data 1,107,Model 1,7.52,0,1,1,1,1,1
HumanEval,Few Shot,Snippet,Test Data 2,107,Model 1,7.52,0,1,1,1,1,1
HumanEval,Few Shot,Snippet,Test Data 3,107,Model 1,7.52,0,1,1,1,1,1
HumanEval,Few Shot,Snippet,Test Data 1,107,Model 2,9.13,0,1,1,1,1,1
HumanEval,Few Shot,Snippet,Test Data 2,107,Model 2,9.13,0,1,1,1,1,1
HumanEval,Few Shot,Snippet,Test Data 3,107,Model 2,9.13,0,1,1,1,1,1
HumanEval,Few Shot,Snippet,Test Data 1,107,Model 3,8.64,0.001,1,1,1,1,1
HumanEval,Few Shot,Snippet,Test Data 2,107,Model 3,8.64,0,1,1,1,1,1
HumanEval,Few Shot,Snippet,Test Data 3,107,Model 3,8.64,0.001,1,1,1,1,1
HumanEval,Few Shot,Snippet,Test Data 1,67,Model 1,9.05,0,1,1,1,1,1
HumanEval,Few Shot,Snippet,Test Data 2,67,Model 1,9.05,0,1,1,1,1,1
HumanEval,Few Shot,Snippet,Test Data 3,67,Model 1,9.05,0,1,1,1,1,1
HumanEval,Few Shot,Snippet,Test Data 1,67,Model 2,11.41,0,1,1,1,1,1
HumanEval,Few Shot,Snippet,Test Data 2,67,Model 2,11.41,0,1,1,1,1,1
HumanEval,Few Shot,Snippet,Test Data 3,67,Model 2,11.41,0,1,1,1,1,1
HumanEval,Few Shot,Snippet,Test Data 1,67,Model 3,12.84,0,0,0,0,0,0
HumanEval,Few Shot,Snippet,Test Data 2,67,Model 3,12.84,0,0,0,0,0,0
HumanEval,Few Shot,Snippet,Test Data 3,67,Model 3,12.84,0,0,0,0,0,0
HumanEval,Few Shot,Snippet,Test Data 1,20,Model 1,9.62,0,1,1,1,1,1
HumanEval,Few Shot,Snippet,Test Data 2,20,Model 1,9.62,0,1,1,1,1,1
HumanEval,Few Shot,Snippet,Test Data 3,20,Model 1,9.62,0,1,1,1,1,1
HumanEval,Few Shot,Snippet,Test Data 1,20,Model 2,10.77,0,1,1,1,1,1
HumanEval,Few Shot,Snippet,Test Data 2,20,Model 2,10.77,0,0,0,0,0,0
HumanEval,Few Shot,Snippet,Test Data 3,20,Model 2,10.77,0,1,1,1,1,1
HumanEval,Few Shot,Snippet,Test Data 1,20,Model 3,11.95,0.001,1,1,1,1,1
HumanEval,Few Shot,Snippet,Test Data 2,20,Model 3,11.95,0,0,0,0,0,0
HumanEval,Few Shot,Snippet,Test Data 3,20,Model 3,11.95,0.001,1,1,1,1,1
BIG Bench,Few Shot,Function,Test Data 1,233,Model 1,4.98,0.02233,1,1,1,1,1
BIG Bench,Few Shot,Function,Test Data 2,233,Model 1,4.98,0.01653,1,1,1,1,1
BIG Bench,Few Shot,Function,Test Data 3,233,Model 1,4.98,0.02032,1,1,1,1,1
BIG Bench,Few Shot,Function,Test Data 1,233,Model 2,4.95,0.06497,1,1,1,1,1
BIG Bench,Few Shot,Function,Test Data 2,233,Model 2,4.95,0.03522,1,1,1,1,1
BIG Bench,Few Shot,Function,Test Data 3,233,Model 2,4.95,0.01988,1,1,1,1,1
BIG Bench,Few Shot,Function,Test Data 1,233,Model 3,4.3,0.09502,1,1,1,1,1
BIG Bench,Few Shot,Function,Test Data 2,233,Model 3,4.3,0.05859,1,1,1,1,1
BIG Bench,Few Shot,Function,Test Data 3,233,Model 3,4.3,0.05368,1,1,1,1,1
BIG Bench,Few Shot,Function,Test Data 1,114,Model 1,6.57,0.00476,1,1,1,1,1
BIG Bench,Few Shot,Function,Test Data 2,114,Model 1,6.57,0.00359,1,1,1,1,1
BIG Bench,Few Shot,Function,Test Data 3,114,Model 1,6.57,0.00301,1,1,1,1,1
BIG Bench,Few Shot,Function,Test Data 1,114,Model 2,7.72,0.00388,0.67,1,1,1,0
BIG Bench,Few Shot,Function,Test Data 2,114,Model 2,7.72,0.00353,0.75,1,1,1,0
BIG Bench,Few Shot,Function,Test Data 3,114,Model 2,7.72,0.00333,0.8,1,1,1,0
BIG Bench,Few Shot,Function,Test Data 1,114,Model 3,6.47,0.00212,1,1,1,1,1
BIG Bench,Few Shot,Function,Test Data 2,114,Model 3,6.47,0.00207,1,1,1,1,1
BIG Bench,Few Shot,Function,Test Data 3,114,Model 3,6.47,0.00214,1,1,1,1,1
BIG Bench,Few Shot,Function,Test Data 1,31,Model 1,11.66,0.00812,1,1,1,1,1
BIG Bench,Few Shot,Function,Test Data 2,31,Model 1,11.66,0.00578,1,1,1,1,1
BIG Bench,Few Shot,Function,Test Data 3,31,Model 1,11.66,0.0069,1,1,1,1,1
BIG Bench,Few Shot,Function,Test Data 1,31,Model 2,10.35,0.00925,0,0,0,0,0
BIG Bench,Few Shot,Function,Test Data 2,31,Model 2,10.35,0.01922,1,1,1,1,1
BIG Bench,Few Shot,Function,Test Data 3,31,Model 2,10.35,0.01564,0,0,0,0,0
BIG Bench,Few Shot,Function,Test Data 1,31,Model 3,10.82,0.01962,0,0,0,0,0
BIG Bench,Few Shot,Function,Test Data 2,31,Model 3,10.82,0.01537,1,1,1,1,1
BIG Bench,Few Shot,Function,Test Data 3,31,Model 3,10.82,0.01724,0,0,0,0,0
BIG Bench,Few Shot,Function,Test Data 1,184,Model 1,9.1,0.01135,0,0,0,0,0
BIG Bench,Few Shot,Function,Test Data 2,184,Model 1,9.1,0.01693,0,0,0,0,0
BIG Bench,Few Shot,Function,Test Data 3,184,Model 1,9.1,0.02476,0,0,0,0,0
BIG Bench,Few Shot,Function,Test Data 1,184,Model 2,7.33,0.04816,0,0,0,0,0
BIG Bench,Few Shot,Function,Test Data 2,184,Model 2,7.33,0.07004,0,0,0,0,0
BIG Bench,Few Shot,Function,Test Data 3,184,Model 2,7.33,0.03475,0,0,0,0,0
BIG Bench,Few Shot,Function,Test Data 1,184,Model 3,6.92,0.02553,0,0,0,0,0
BIG Bench,Few Shot,Function,Test Data 2,184,Model 3,6.92,0.02686,0,0,0,0,0
BIG Bench,Few Shot,Function,Test Data 3,184,Model 3,6.92,0.01703,0,0,0,0,0
BIG Bench,Few Shot,Function,Test Data 1,14,Model 1,6.74,0.00583,0.8,0.8,1,0.89,0
BIG Bench,Few Shot,Function,Test Data 2,14,Model 1,6.74,0.00277,0.8,0.8,0.8,0.8,0
BIG Bench,Few Shot,Function,Test Data 3,14,Model 1,6.74,0.00439,0.33,0.33,1,0.5,0
BIG Bench,Few Shot,Function,Test Data 1,14,Model 2,5.6,0.00385,0.8,0.8,1,0.89,0
BIG Bench,Few Shot,Function,Test Data 2,14,Model 2,5.6,0.00209,0.8,0.8,0.8,0.8,0
BIG Bench,Few Shot,Function,Test Data 3,14,Model 2,5.6,0.00402,0.33,0.33,1,0.5,0
BIG Bench,Few Shot,Function,Test Data 1,14,Model 3,5.63,0.01182,0.8,0.8,1,0.89,0
BIG Bench,Few Shot,Function,Test Data 2,14,Model 3,5.63,0.00337,0.8,0.8,0.8,0.8,0
BIG Bench,Few Shot,Function,Test Data 3,14,Model 3,5.63,0.0068,0.33,0.33,1,0.5,0
BIG Bench,Few Shot,Function,Test Data 1,69,Model 1,8.33,0.00307,1,1,1,1,1
BIG Bench,Few Shot,Function,Test Data 2,69,Model 1,8.33,0.00307,1,1,1,1,1
BIG Bench,Few Shot,Function,Test Data 3,69,Model 1,8.33,0.006,1,1,1,1,1
BIG Bench,Few Shot,Function,Test Data 1,69,Model 2,7.28,0.00328,1,1,1,1,1
BIG Bench,Few Shot,Function,Test Data 2,69,Model 2,7.28,0.00322,1,1,1,1,1
BIG Bench,Few Shot,Function,Test Data 3,69,Model 2,7.28,0.00322,1,1,1,1,1
BIG Bench,Few Shot,Function,Test Data 1,69,Model 3,6.94,0.00477,0,0,0,0,0
BIG Bench,Few Shot,Function,Test Data 2,69,Model 3,6.94,0.00839,0,0,0,0,0
BIG Bench,Few Shot,Function,Test Data 3,69,Model 3,6.94,0.00476,0,0,0,0,0
BIG Bench,Few Shot,Function,Test Data 1,213,Model 1,11.81,0.0142,1,1,1,1,1
BIG Bench,Few Shot,Function,Test Data 2,213,Model 1,11.81,0.01808,1,1,1,1,1
BIG Bench,Few Shot,Function,Test Data 3,213,Model 1,11.81,0.01404,1,1,1,1,1
BIG Bench,Few Shot,Function,Test Data 1,213,Model 2,8.78,0.26039,1,1,1,1,1
BIG Bench,Few Shot,Function,Test Data 2,213,Model 2,8.78,0.09327,1,1,1,1,1
BIG Bench,Few Shot,Function,Test Data 3,213,Model 2,8.78,0.00855,1,1,1,1,1
BIG Bench,Few Shot,Function,Test Data 1,213,Model 3,9.76,0.03987,1,1,1,1,1
BIG Bench,Few Shot,Function,Test Data 2,213,Model 3,9.76,0.07089,1,1,1,1,1
BIG Bench,Few Shot,Function,Test Data 3,213,Model 3,9.76,0.01727,1,1,1,1,1
BIG Bench,Few Shot,Snippet,Test Data 1,233,Model 1,9.8,0,1,1,1,1,1
BIG Bench,Few Shot,Snippet,Test Data 2,233,Model 1,9.8,0.007914543,1,1,1,1,1
BIG Bench,Few Shot,Snippet,Test Data 3,233,Model 1,9.8,0.001993895,1,1,1,1,1
BIG Bench,Few Shot,Snippet,Test Data 1,233,Model 2,5.8,0.000996113,1,1,1,1,1
BIG Bench,Few Shot,Snippet,Test Data 2,233,Model 2,5.8,0.000997543,1,1,1,1,1
BIG Bench,Few Shot,Snippet,Test Data 3,233,Model 2,5.8,0.001993895,1,1,1,1,1
BIG Bench,Few Shot,Snippet,Test Data 1,233,Model 3,5.74,0,1,1,1,1,1
BIG Bench,Few Shot,Snippet,Test Data 2,233,Model 3,5.74,0.000994682,1,1,1,1,1
BIG Bench,Few Shot,Snippet,Test Data 3,233,Model 3,5.74,0,1,1,1,1,1
BIG Bench,Few Shot,Snippet,Test Data 1,31,Model 1,5.72,0.000997066,1,1,1,1,1
BIG Bench,Few Shot,Snippet,Test Data 2,31,Model 1,5.72,0,1,1,1,1,1
BIG Bench,Few Shot,Snippet,Test Data 3,31,Model 1,5.72,0.000997066,1,1,1,1,1
BIG Bench,Few Shot,Snippet,Test Data 1,31,Model 2,3.57,0,1,1,1,1,1
BIG Bench,Few Shot,Snippet,Test Data 2,31,Model 2,3.57,43.34403276,1,1,1,1,1
BIG Bench,Few Shot,Snippet,Test Data 3,31,Model 2,3.57,0,1,1,1,1,1
BIG Bench,Few Shot,Snippet,Test Data 1,31,Model 3,5.87,0,1,1,1,1,1
BIG Bench,Few Shot,Snippet,Test Data 2,31,Model 3,5.87,0,1,1,1,1,1
BIG Bench,Few Shot,Snippet,Test Data 3,31,Model 3,5.87,0,1,1,1,1,1
BIG Bench,Few Shot,Snippet,Test Data 1,184,Model 1,4.23,0,0,0,0,0,0
BIG Bench,Few Shot,Snippet,Test Data 2,184,Model 1,4.23,0,0,0,0,0,0
BIG Bench,Few Shot,Snippet,Test Data 3,184,Model 1,4.23,0,0,0,0,0,0
BIG Bench,Few Shot,Snippet,Test Data 1,184,Model 2,3.99,0.00051713,0,0,0,0,0
BIG Bench,Few Shot,Snippet,Test Data 2,184,Model 2,3.99,0.001588345,0,0,0,0,0
BIG Bench,Few Shot,Snippet,Test Data 3,184,Model 2,3.99,0,0,0,0,0,0
BIG Bench,Few Shot,Snippet,Test Data 1,184,Model 3,3.88,0,0,0,0,0,0
BIG Bench,Few Shot,Snippet,Test Data 2,184,Model 3,3.88,0,0,0,0,0,0
BIG Bench,Few Shot,Snippet,Test Data 3,184,Model 3,3.88,0.010156631,0,0,0,0,0
BIG Bench,Few Shot,Snippet,Test Data 1,14,Model 1,5.07,0,0,0,0,0,1
BIG Bench,Few Shot,Snippet,Test Data 2,14,Model 1,5.07,0,1,1,1,1,1
BIG Bench,Few Shot,Snippet,Test Data 3,14,Model 1,5.07,0,1,1,1,1,1
BIG Bench,Few Shot,Snippet,Test Data 1,14,Model 2,4.75,0,0,0,0,0,1
BIG Bench,Few Shot,Snippet,Test Data 2,14,Model 2,4.75,0,1,1,1,1,1
BIG Bench,Few Shot,Snippet,Test Data 3,14,Model 2,4.75,0,1,1,1,1,1
BIG Bench,Few Shot,Snippet,Test Data 1,14,Model 3,5.47,0,1,1,1,1,1
BIG Bench,Few Shot,Snippet,Test Data 2,14,Model 3,5.47,0,0,0,0,0,0
BIG Bench,Few Shot,Snippet,Test Data 3,14,Model 3,5.47,0,0,0,0,0,0
BIG Bench,Few Shot,Snippet,Test Data 1,69,Model 1,5.84,0.000941515,1,1,1,1,1
BIG Bench,Few Shot,Snippet,Test Data 2,69,Model 1,5.84,0.000998735,1,1,1,1,1
BIG Bench,Few Shot,Snippet,Test Data 3,69,Model 1,5.84,0.001118898,0.36,0.83,0.63,0.71,0
BIG Bench,Few Shot,Snippet,Test Data 1,69,Model 2,4.89,0,1,1,1,1,1
BIG Bench,Few Shot,Snippet,Test Data 2,69,Model 2,4.89,0,1,1,1,1,1
BIG Bench,Few Shot,Snippet,Test Data 3,69,Model 2,4.89,0,0.36,0.83,0.63,0.71,0
BIG Bench,Few Shot,Snippet,Test Data 1,69,Model 3,5.88,0.00099802,1,1,1,1,1
BIG Bench,Few Shot,Snippet,Test Data 2,69,Model 3,5.88,0,1,1,1,1,1
BIG Bench,Few Shot,Snippet,Test Data 3,69,Model 3,5.88,0,0.36,0.83,0.63,0.71,0
BIG Bench,Few Shot,Snippet,Test Data 1,213,Model 1,7.84,0.000996351,1,1,1,1,1
BIG Bench,Few Shot,Snippet,Test Data 2,213,Model 1,7.84,0,1,1,1,1,1
BIG Bench,Few Shot,Snippet,Test Data 3,213,Model 1,7.84,0.000997066,0,0,0,0,0
BIG Bench,Few Shot,Snippet,Test Data 1,213,Model 2,6.28,0,1,1,1,1,1
BIG Bench,Few Shot,Snippet,Test Data 2,213,Model 2,6.28,0.000998259,1,1,1,1,1
BIG Bench,Few Shot,Snippet,Test Data 3,213,Model 2,6.28,0,0,0,0,0,0
BIG Bench,Few Shot,Snippet,Test Data 1,213,Model 3,5.78,0,1,1,1,1,1
BIG Bench,Few Shot,Snippet,Test Data 2,213,Model 3,5.78,0,1,1,1,1,1
BIG Bench,Few Shot,Snippet,Test Data 3,213,Model 3,5.78,0,0,0,0,0,0
BIG Bench,Few Shot,Snippet,Test Data 1,114,Model 1,5.47,0.000997782,0.25,1,0.25,0.4,0
BIG Bench,Few Shot,Snippet,Test Data 2,114,Model 1,5.47,0,0,0,0,0,0
BIG Bench,Few Shot,Snippet,Test Data 3,114,Model 1,5.47,0,0,0,0,0,0
BIG Bench,Few Shot,Snippet,Test Data 1,114,Model 2,4.93,0,0.25,1,0.25,0.4,0
BIG Bench,Few Shot,Snippet,Test Data 2,114,Model 2,4.93,0,0,0,0,0,0
BIG Bench,Few Shot,Snippet,Test Data 3,114,Model 2,4.93,0,0,0,0,0,0
BIG Bench,Few Shot,Snippet,Test Data 1,114,Model 3,4.78,0.000965118,0.25,1,0.25,0.4,0
BIG Bench,Few Shot,Snippet,Test Data 2,114,Model 3,4.78,0,0,0,0,0,0
BIG Bench,Few Shot,Snippet,Test Data 3,114,Model 3,4.78,0,0,0,0,0,0
MBPP,Few Shot,Snippet,Test Data 1,11,Model 1,5.04,0,1,1,1,1,1
MBPP,Few Shot,Snippet,Test Data 2,11,Model 1,5.04,0,1,1,1,1,1
MBPP,Few Shot,Snippet,Test Data 3,11,Model 1,5.04,0,1,1,1,1,1
MBPP,Few Shot,Snippet,Test Data 1,11,Model 2,5.22,0,1,1,1,1,1
MBPP,Few Shot,Snippet,Test Data 2,11,Model 2,5.22,0,1,1,1,1,1
MBPP,Few Shot,Snippet,Test Data 3,11,Model 2,5.22,0.00101,1,1,1,1,1
MBPP,Few Shot,Snippet,Test Data 1,11,Model 3,4.47,0,1,1,1,1,1
MBPP,Few Shot,Snippet,Test Data 2,11,Model 3,4.47,0.001,1,1,1,1,1
MBPP,Few Shot,Snippet,Test Data 3,11,Model 3,4.47,0,1,1,1,1,1
MBPP,Few Shot,Snippet,Test Data 1,57,Model 1,3.84,0,1,1,1,1,1
MBPP,Few Shot,Snippet,Test Data 2,57,Model 1,3.84,0.001,1,1,1,1,1
MBPP,Few Shot,Snippet,Test Data 3,57,Model 1,3.84,0.001,1,1,1,1,1
MBPP,Few Shot,Snippet,Test Data 1,57,Model 2,5.1,0.00101,1,1,1,1,1
MBPP,Few Shot,Snippet,Test Data 2,57,Model 2,5.1,0.00101,1,1,1,1,1
MBPP,Few Shot,Snippet,Test Data 3,57,Model 2,5.1,0,1,1,1,1,1
MBPP,Few Shot,Snippet,Test Data 1,57,Model 3,5.14,0.00101,1,1,1,1,1
MBPP,Few Shot,Snippet,Test Data 2,57,Model 3,5.14,0.00101,1,1,1,1,1
MBPP,Few Shot,Snippet,Test Data 3,57,Model 3,5.14,0,1,1,1,1,1
MBPP,Few Shot,Snippet,Test Data 1,66,Model 1,5.04,0,1,1,1,1,1
MBPP,Few Shot,Snippet,Test Data 2,66,Model 1,5.04,0,0,0,0,0,0
MBPP,Few Shot,Snippet,Test Data 3,66,Model 1,5.04,0.001,1,1,1,1,1
MBPP,Few Shot,Snippet,Test Data 1,66,Model 2,3.79,0.00101,1,1,1,1,1
MBPP,Few Shot,Snippet,Test Data 2,66,Model 2,3.79,0,0,0,0,0,0
MBPP,Few Shot,Snippet,Test Data 3,66,Model 2,3.79,0,1,1,1,1,1
MBPP,Few Shot,Snippet,Test Data 1,66,Model 3,3.49,0.001,1,1,1,1,1
MBPP,Few Shot,Snippet,Test Data 2,66,Model 3,3.49,0.00101,0,0,0,0,0
MBPP,Few Shot,Snippet,Test Data 3,66,Model 3,3.49,0,1,1,1,1,1
MBPP,Few Shot,Snippet,Test Data 1,75,Model 1,8.1,0.001,1,1,1,1,1
MBPP,Few Shot,Snippet,Test Data 2,75,Model 1,8.1,0,1,1,1,1,1
MBPP,Few Shot,Snippet,Test Data 3,75,Model 1,8.1,0,1,1,1,1,1
MBPP,Few Shot,Snippet,Test Data 1,75,Model 2,13.36,0,1,1,1,1,1
MBPP,Few Shot,Snippet,Test Data 2,75,Model 2,13.36,0,1,1,1,1,1
MBPP,Few Shot,Snippet,Test Data 3,75,Model 2,13.36,0,1,1,1,1,1
MBPP,Few Shot,Snippet,Test Data 1,75,Model 3,8.85,0,1,1,1,1,1
MBPP,Few Shot,Snippet,Test Data 2,75,Model 3,8.85,0.001,1,1,1,1,1
MBPP,Few Shot,Snippet,Test Data 3,75,Model 3,8.85,0.001,1,1,1,1,1
MBPP,Few Shot,Snippet,Test Data 1,89,Model 1,5.3,0,1,1,1,1,1
MBPP,Few Shot,Snippet,Test Data 2,89,Model 1,5.3,0,1,1,1,1,1
MBPP,Few Shot,Snippet,Test Data 3,89,Model 1,5.3,0,1,1,1,1,1
MBPP,Few Shot,Snippet,Test Data 1,89,Model 2,7.97,0,1,1,1,1,1
MBPP,Few Shot,Snippet,Test Data 2,89,Model 2,7.97,0,1,1,1,1,1
MBPP,Few Shot,Snippet,Test Data 3,89,Model 2,7.97,0,1,1,1,1,1
MBPP,Few Shot,Snippet,Test Data 1,89,Model 3,6.8,0,1,1,1,1,1
MBPP,Few Shot,Snippet,Test Data 2,89,Model 3,6.8,0,1,1,1,1,1
MBPP,Few Shot,Snippet,Test Data 3,89,Model 3,6.8,0,1,1,1,1,1
MBPP,Few Shot,Snippet,Test Data 1,100,Model 1,,,NA,NA,NA,NA,NA
MBPP,Few Shot,Snippet,Test Data 2,100,Model 1,,,NA,NA,NA,NA,NA
MBPP,Few Shot,Snippet,Test Data 3,100,Model 1,,,NA,NA,NA,NA,NA
MBPP,Few Shot,Snippet,Test Data 1,100,Model 2,,,NA,NA,NA,NA,NA
MBPP,Few Shot,Snippet,Test Data 2,100,Model 2,,,NA,NA,NA,NA,NA
MBPP,Few Shot,Snippet,Test Data 3,100,Model 2,,,NA,NA,NA,NA,NA
MBPP,Few Shot,Snippet,Test Data 1,100,Model 3,,,NA,NA,NA,NA,NA
MBPP,Few Shot,Snippet,Test Data 2,100,Model 3,,,NA,NA,NA,NA,NA
MBPP,Few Shot,Snippet,Test Data 3,100,Model 3,,,NA,NA,NA,NA,NA
MBPP,Few Shot,Snippet,Test Data 1,119,Model 1,8.55,0,1,1,1,1,1
MBPP,Few Shot,Snippet,Test Data 2,119,Model 1,8.55,0,1,1,1,1,1
MBPP,Few Shot,Snippet,Test Data 3,119,Model 1,8.55,0,1,1,1,1,1
MBPP,Few Shot,Snippet,Test Data 1,119,Model 2,6.3,0.001,1,1,1,1,1
MBPP,Few Shot,Snippet,Test Data 2,119,Model 2,6.3,0.00101,1,1,1,1,1
MBPP,Few Shot,Snippet,Test Data 3,119,Model 2,6.3,0,1,1,1,1,1
MBPP,Few Shot,Snippet,Test Data 1,119,Model 3,6.27,0.00107,1,1,1,1,1
MBPP,Few Shot,Snippet,Test Data 2,119,Model 3,6.27,0,1,1,1,1,1
MBPP,Few Shot,Snippet,Test Data 3,119,Model 3,6.27,0,1,1,1,1,1
MBPP,Few Shot,Snippet,Test Data 1,246,Model 1,7.12,0.001,0,0,0,0,0
MBPP,Few Shot,Snippet,Test Data 2,246,Model 1,7.12,0,0,0,0,0,0
MBPP,Few Shot,Snippet,Test Data 3,246,Model 1,7.12,0,0,0,0,0,0
MBPP,Few Shot,Snippet,Test Data 1,246,Model 2,6.85,0,0,0,0,0,0
MBPP,Few Shot,Snippet,Test Data 2,246,Model 2,6.85,0,0,0,0,0,0
MBPP,Few Shot,Snippet,Test Data 3,246,Model 2,6.85,0,0,0,0,0,0
MBPP,Few Shot,Snippet,Test Data 1,246,Model 3,7.95,0,1,0,0,0,0
MBPP,Few Shot,Snippet,Test Data 2,246,Model 3,7.95,0,0,0,0,0,0
MBPP,Few Shot,Snippet,Test Data 3,246,Model 3,7.95,0,1,0,0,0,0
MBPP,Few Shot,Function,Test Data 1,11,Model 1,9.93,0.03191,1,1,1,1,1
MBPP,Few Shot,Function,Test Data 2,11,Model 1,9.93,0.02138,1,1,1,1,1
MBPP,Few Shot,Function,Test Data 3,11,Model 1,9.93,0.01695,1,1,1,1,1
MBPP,Few Shot,Function,Test Data 1,11,Model 2,7.65,0.00966,0,0,0,0,0
MBPP,Few Shot,Function,Test Data 2,11,Model 2,7.65,0.02163,1,1,1,1,1
MBPP,Few Shot,Function,Test Data 3,11,Model 2,7.65,0.01964,1,1,1,1,1
MBPP,Few Shot,Function,Test Data 1,11,Model 3,5.95,0.00966,0,0,0,0,0
MBPP,Few Shot,Function,Test Data 2,11,Model 3,5.95,0.02163,1,1,1,1,1
MBPP,Few Shot,Function,Test Data 3,11,Model 3,5.95,0.01964,1,1,1,1,1
MBPP,Few Shot,Function,Test Data 1,57,Model 1,7.76,0.01536,1,1,1,1,1
MBPP,Few Shot,Function,Test Data 2,57,Model 1,7.76,0.01799,1,1,1,1,1
MBPP,Few Shot,Function,Test Data 3,57,Model 1,7.76,0.01772,1,1,1,1,1
MBPP,Few Shot,Function,Test Data 1,57,Model 2,7.82,0.06108,1,1,1,1,1
MBPP,Few Shot,Function,Test Data 2,57,Model 2,7.82,0.12765,1,1,1,1,1
MBPP,Few Shot,Function,Test Data 3,57,Model 2,7.82,0.07139,1,1,1,1,1
MBPP,Few Shot,Function,Test Data 1,57,Model 3,9.38,0.05077,1,1,1,1,1
MBPP,Few Shot,Function,Test Data 2,57,Model 3,9.38,0.04278,1,1,1,1,1
MBPP,Few Shot,Function,Test Data 3,57,Model 3,9.38,0.04736,1,1,1,1,1
MBPP,Few Shot,Function,Test Data 1,66,Model 1,22.68,0.00988,1,1,1,1,1
MBPP,Few Shot,Function,Test Data 2,66,Model 1,22.68,0.00393,1,1,1,1,1
MBPP,Few Shot,Function,Test Data 3,66,Model 1,22.68,0.00402,1,1,1,1,1
MBPP,Few Shot,Function,Test Data 1,66,Model 2,7.52,0.01545,1,1,1,1,1
MBPP,Few Shot,Function,Test Data 2,66,Model 2,7.52,0.02734,1,1,1,1,1
MBPP,Few Shot,Function,Test Data 3,66,Model 2,7.52,0.04237,1,1,1,1,1
MBPP,Few Shot,Function,Test Data 1,66,Model 3,6.85,0.02438,1,1,1,1,1
MBPP,Few Shot,Function,Test Data 2,66,Model 3,6.85,0.06903,1,1,1,1,1
MBPP,Few Shot,Function,Test Data 3,66,Model 3,6.85,0.06674,1,1,1,1,1
MBPP,Few Shot,Function,Test Data 1,75,Model 1,11.93,0.03124,1,1,1,1,1
MBPP,Few Shot,Function,Test Data 2,75,Model 1,11.93,0.02697,1,1,1,1,1
MBPP,Few Shot,Function,Test Data 3,75,Model 1,11.93,0.02586,1,1,1,1,1
MBPP,Few Shot,Function,Test Data 1,75,Model 2,8.91,0.05234,1,1,1,1,1
MBPP,Few Shot,Function,Test Data 2,75,Model 2,8.91,0.03795,1,1,1,1,1
MBPP,Few Shot,Function,Test Data 3,75,Model 2,8.91,0.03507,1,1,1,1,1
MBPP,Few Shot,Function,Test Data 1,75,Model 3,8.2,0.0853,1,1,1,1,1
MBPP,Few Shot,Function,Test Data 2,75,Model 3,8.2,0.03932,1,1,1,1,1
MBPP,Few Shot,Function,Test Data 3,75,Model 3,8.2,0.03894,1,1,1,1,1
MBPP,Few Shot,Function,Test Data 1,89,Model 1,5.37,0.00465,1,1,1,1,1
MBPP,Few Shot,Function,Test Data 2,89,Model 1,5.37,0.00463,1,1,1,1,1
MBPP,Few Shot,Function,Test Data 3,89,Model 1,5.37,0.00533,1,1,1,1,1
MBPP,Few Shot,Function,Test Data 1,89,Model 2,4.22,0.00162,1,1,1,1,1
MBPP,Few Shot,Function,Test Data 2,89,Model 2,4.22,0.00167,1,1,1,1,1
MBPP,Few Shot,Function,Test Data 3,89,Model 2,4.22,0.00402,1,1,1,1,1
MBPP,Few Shot,Function,Test Data 1,89,Model 3,3.57,0.00374,1,1,1,1,1
MBPP,Few Shot,Function,Test Data 2,89,Model 3,3.57,0.0056,1,1,1,1,1
MBPP,Few Shot,Function,Test Data 3,89,Model 3,3.57,0.0069,1,1,1,1,1
MBPP,Few Shot,Function,Test Data 1,100,Model 1,4.11,0.02276,1,1,1,1,1
MBPP,Few Shot,Function,Test Data 2,100,Model 1,4.11,1.16524,1,1,1,1,1
MBPP,Few Shot,Function,Test Data 3,100,Model 1,4.11,0.00629,1,1,1,1,1
MBPP,Few Shot,Function,Test Data 1,100,Model 2,4.7,0.01589,0,0,0,0,0
MBPP,Few Shot,Function,Test Data 2,100,Model 2,4.7,0.01731,0,0,0,0,0
MBPP,Few Shot,Function,Test Data 3,100,Model 2,4.7,0.02228,1,1,1,1,1
MBPP,Few Shot,Function,Test Data 1,100,Model 3,5.52,0.08637,0,0,0,0,0
MBPP,Few Shot,Function,Test Data 2,100,Model 3,5.52,0.06048,1,1,1,1,1
MBPP,Few Shot,Function,Test Data 3,100,Model 3,5.52,0.04871,0,0,0,0,0
MBPP,Few Shot,Function,Test Data 1,119,Model 1,5.7,0.00382,1,1,1,1,1
MBPP,Few Shot,Function,Test Data 2,119,Model 1,5.7,0.00907,1,1,1,1,1
MBPP,Few Shot,Function,Test Data 3,119,Model 1,5.7,0.00882,1,1,1,1,1
MBPP,Few Shot,Function,Test Data 1,119,Model 2,8.9,0.02821,0,0,0,0,0
MBPP,Few Shot,Function,Test Data 2,119,Model 2,8.9,0.03389,0,0,0,0,0
MBPP,Few Shot,Function,Test Data 3,119,Model 2,8.9,0.04937,1,1,1,1,1
MBPP,Few Shot,Function,Test Data 1,119,Model 3,6.68,0.00819,1,1,1,1,1
MBPP,Few Shot,Function,Test Data 2,119,Model 3,6.68,0.02218,1,1,1,1,1
MBPP,Few Shot,Function,Test Data 3,119,Model 3,6.68,0.01968,1,1,1,1,1
MBPP,Few Shot,Function,Test Data 1,246,Model 1,4.53,0.03106,0,0,0,0,0
MBPP,Few Shot,Function,Test Data 2,246,Model 1,4.53,0.02949,0,0,0,0,0
MBPP,Few Shot,Function,Test Data 3,246,Model 1,4.53,0.03146,0,0,0,0,0
MBPP,Few Shot,Function,Test Data 1,246,Model 2,5.19,0.11672,0,0,0,0,0
MBPP,Few Shot,Function,Test Data 2,246,Model 2,5.19,0.08776,0,0,0,0,0
MBPP,Few Shot,Function,Test Data 3,246,Model 2,5.19,0.04136,0,0,0,0,0
MBPP,Few Shot,Function,Test Data 1,246,Model 3,4.54,,NA,NA,NA,NA,NA
MBPP,Few Shot,Function,Test Data 2,246,Model 3,4.54,,NA,NA,NA,NA,NA
MBPP,Few Shot,Function,Test Data 3,246,Model 3,4.54,,NA,NA,NA,NA,NA
